03/12/21 22:59:49 Uhr UTC,76.90,24.90
03/12/21 23:00:19 Uhr UTC,81.10,24.50
03/12/21 23:00:49 Uhr UTC,82.70,24.20
03/12/21 23:01:19 Uhr UTC,84.10,23.90
03/12/21 23:01:49 Uhr UTC,85.40,23.70
03/12/21 23:02:19 Uhr UTC,86.50,23.50
03/12/21 23:02:49 Uhr UTC,87.60,23.40
03/12/21 23:03:19 Uhr UTC,88.50,23.20
03/12/21 23:03:49 Uhr UTC,89.30,23.00
03/12/21 23:04:19 Uhr UTC,90.00,23.00
03/12/21 23:04:50 Uhr UTC,90.30,22.90
03/12/21 23:05:20 Uhr UTC,90.60,22.70
03/12/21 23:05:50 Uhr UTC,90.90,22.70
03/12/21 23:06:20 Uhr UTC,91.10,22.60
03/12/21 23:06:50 Uhr UTC,91.30,22.50
03/12/21 23:07:20 Uhr UTC,91.50,22.40
03/12/21 23:07:50 Uhr UTC,91.70,22.40
03/12/21 23:08:20 Uhr UTC,91.90,22.30
03/12/21 23:08:50 Uhr UTC,92.10,22.30
03/12/21 23:09:20 Uhr UTC,92.20,22.20
03/12/21 23:09:50 Uhr UTC,92.40,22.20
03/12/21 23:10:20 Uhr UTC,92.50,22.20
03/12/21 23:10:50 Uhr UTC,92.60,22.20
03/12/21 23:11:20 Uhr UTC,92.70,22.10
03/12/21 23:11:50 Uhr UTC,92.80,22.10
03/12/21 23:12:20 Uhr UTC,92.90,22.00
03/12/21 23:12:50 Uhr UTC,93.00,22.00
03/12/21 23:13:20 Uhr UTC,93.10,22.00
03/12/21 23:13:50 Uhr UTC,93.20,22.00
03/12/21 23:14:20 Uhr UTC,93.30,22.00
03/12/21 23:14:50 Uhr UTC,93.40,22.00
03/12/21 23:15:20 Uhr UTC,93.40,22.00
03/12/21 23:15:50 Uhr UTC,93.50,21.90
03/12/21 23:16:20 Uhr UTC,93.60,21.90
03/12/21 23:16:50 Uhr UTC,93.60,21.90
03/12/21 23:17:21 Uhr UTC,93.70,21.90
03/12/21 23:17:51 Uhr UTC,93.80,21.90
03/12/21 23:18:21 Uhr UTC,93.80,21.90
03/12/21 23:18:51 Uhr UTC,93.90,21.90
03/12/21 23:19:21 Uhr UTC,93.90,21.90
03/12/21 23:19:51 Uhr UTC,94.00,21.80
03/12/21 23:20:21 Uhr UTC,94.00,21.80
03/12/21 23:20:51 Uhr UTC,94.10,21.80
03/12/21 23:21:21 Uhr UTC,94.10,21.80
03/12/21 23:21:51 Uhr UTC,94.20,21.80
03/12/21 23:22:21 Uhr UTC,94.20,21.80
03/12/21 23:22:51 Uhr UTC,94.20,21.80
03/12/21 23:23:21 Uhr UTC,94.30,21.80
03/12/21 23:23:51 Uhr UTC,94.30,21.80
03/12/21 23:24:21 Uhr UTC,94.40,21.80
03/12/21 23:24:51 Uhr UTC,94.40,21.80
03/12/21 23:25:21 Uhr UTC,94.40,21.80
03/12/21 23:25:51 Uhr UTC,94.50,21.80
03/12/21 23:26:21 Uhr UTC,94.50,21.80
03/12/21 23:26:51 Uhr UTC,94.50,21.70
03/12/21 23:27:21 Uhr UTC,94.60,21.80
03/12/21 23:27:51 Uhr UTC,94.60,21.70
03/12/21 23:28:21 Uhr UTC,94.60,21.70
03/12/21 23:28:51 Uhr UTC,94.70,21.80
03/12/21 23:29:21 Uhr UTC,94.70,21.70
03/12/21 23:29:52 Uhr UTC,94.70,21.70
03/12/21 23:30:22 Uhr UTC,94.80,21.70
03/12/21 23:30:52 Uhr UTC,94.80,21.70
03/12/21 23:31:22 Uhr UTC,94.80,21.70
03/12/21 23:31:52 Uhr UTC,94.90,21.70
03/12/21 23:32:22 Uhr UTC,94.90,21.70
03/12/21 23:32:52 Uhr UTC,94.90,21.70
03/12/21 23:33:22 Uhr UTC,94.90,21.70
03/12/21 23:33:52 Uhr UTC,95.00,21.70
03/12/21 23:34:22 Uhr UTC,95.00,21.70
03/12/21 23:34:52 Uhr UTC,95.00,21.70
03/12/21 23:35:22 Uhr UTC,95.00,21.70
03/12/21 23:35:52 Uhr UTC,95.10,21.70
03/12/21 23:36:22 Uhr UTC,95.10,21.70
03/12/21 23:36:52 Uhr UTC,95.10,21.70
03/12/21 23:37:22 Uhr UTC,95.10,21.60
03/12/21 23:37:52 Uhr UTC,95.20,21.70
03/12/21 23:38:22 Uhr UTC,95.20,21.70
03/12/21 23:38:52 Uhr UTC,95.20,21.60
03/12/21 23:39:22 Uhr UTC,95.20,21.70
03/12/21 23:39:52 Uhr UTC,95.20,21.60
03/12/21 23:40:22 Uhr UTC,95.20,21.60
03/12/21 23:40:52 Uhr UTC,95.30,21.60
03/12/21 23:41:22 Uhr UTC,95.30,21.60
03/12/21 23:41:53 Uhr UTC,95.30,21.60
03/12/21 23:42:23 Uhr UTC,95.40,21.60
03/12/21 23:42:53 Uhr UTC,95.40,21.60
03/12/21 23:43:23 Uhr UTC,95.40,21.60
03/12/21 23:43:53 Uhr UTC,95.40,21.60
03/12/21 23:44:23 Uhr UTC,95.40,21.60
03/12/21 23:44:53 Uhr UTC,95.40,21.60
03/12/21 23:45:23 Uhr UTC,95.40,21.60
03/12/21 23:45:53 Uhr UTC,95.40,21.60
03/12/21 23:46:23 Uhr UTC,95.40,21.60
03/12/21 23:46:53 Uhr UTC,95.40,21.60
03/12/21 23:47:23 Uhr UTC,95.50,21.60
03/12/21 23:47:53 Uhr UTC,95.50,21.50
03/12/21 23:48:23 Uhr UTC,95.50,21.50
03/12/21 23:48:53 Uhr UTC,95.50,21.50
03/12/21 23:49:23 Uhr UTC,95.60,21.50
03/12/21 23:49:53 Uhr UTC,95.60,21.50
03/12/21 23:50:23 Uhr UTC,95.60,21.50
03/12/21 23:50:53 Uhr UTC,95.60,21.60
03/12/21 23:51:23 Uhr UTC,95.60,21.50
03/12/21 23:51:53 Uhr UTC,95.70,21.50
03/12/21 23:52:23 Uhr UTC,95.70,21.50
03/12/21 23:52:53 Uhr UTC,95.70,21.50
03/12/21 23:53:23 Uhr UTC,95.70,21.50
03/12/21 23:53:53 Uhr UTC,95.70,21.50
03/12/21 23:54:24 Uhr UTC,95.80,21.50
03/12/21 23:54:54 Uhr UTC,95.80,21.50
03/12/21 23:55:24 Uhr UTC,95.80,21.50
03/12/21 23:55:54 Uhr UTC,95.80,21.50
03/12/21 23:56:24 Uhr UTC,95.80,21.50
03/12/21 23:56:54 Uhr UTC,95.80,21.50
03/12/21 23:57:24 Uhr UTC,95.90,21.50
03/12/21 23:57:54 Uhr UTC,95.90,21.50
03/12/21 23:58:24 Uhr UTC,95.90,21.40
03/12/21 23:58:54 Uhr UTC,95.90,21.50
03/12/21 23:59:24 Uhr UTC,95.90,21.50
03/12/21 23:59:54 Uhr UTC,95.90,21.50
03/13/21 00:00:24 Uhr UTC,95.90,21.50
03/13/21 00:00:54 Uhr UTC,96.00,21.50
03/13/21 00:01:24 Uhr UTC,95.90,21.40
03/13/21 00:01:54 Uhr UTC,96.00,21.50
03/13/21 00:02:24 Uhr UTC,96.00,21.40
03/13/21 00:02:54 Uhr UTC,96.00,21.50
03/13/21 00:03:24 Uhr UTC,96.00,21.40
03/13/21 00:03:54 Uhr UTC,96.00,21.40
03/13/21 00:04:24 Uhr UTC,96.00,21.40
03/13/21 00:04:54 Uhr UTC,96.00,21.40
03/13/21 00:05:24 Uhr UTC,96.10,21.40
03/13/21 00:05:54 Uhr UTC,96.10,21.40
03/13/21 00:06:24 Uhr UTC,96.10,21.40
03/13/21 00:06:55 Uhr UTC,96.10,21.40
03/13/21 00:07:25 Uhr UTC,96.10,21.40
03/13/21 00:07:55 Uhr UTC,96.10,21.50
03/13/21 00:08:25 Uhr UTC,96.10,21.40
03/13/21 00:08:55 Uhr UTC,96.10,21.40
03/13/21 00:09:25 Uhr UTC,96.20,21.40
03/13/21 00:09:55 Uhr UTC,96.20,21.40
03/13/21 00:10:25 Uhr UTC,96.20,21.40
03/13/21 00:10:55 Uhr UTC,96.20,21.40
03/13/21 00:11:25 Uhr UTC,96.20,21.40
03/13/21 00:11:55 Uhr UTC,96.20,21.40
03/13/21 00:12:25 Uhr UTC,96.20,21.40
03/13/21 00:12:55 Uhr UTC,96.20,21.40
03/13/21 00:13:25 Uhr UTC,96.30,21.40
03/13/21 00:13:55 Uhr UTC,96.30,21.40
03/13/21 00:14:25 Uhr UTC,96.30,21.40
03/13/21 00:14:55 Uhr UTC,96.30,21.40
03/13/21 00:15:25 Uhr UTC,96.30,21.40
03/13/21 00:15:55 Uhr UTC,96.30,21.40
03/13/21 00:16:25 Uhr UTC,96.30,21.30
03/13/21 00:16:55 Uhr UTC,96.30,21.40
03/13/21 00:17:25 Uhr UTC,96.30,21.30
03/13/21 00:17:55 Uhr UTC,96.30,21.30
03/13/21 00:18:25 Uhr UTC,96.40,21.40
03/13/21 00:18:55 Uhr UTC,96.40,21.40
03/13/21 00:19:26 Uhr UTC,96.40,21.30
03/13/21 00:19:56 Uhr UTC,96.40,21.40
03/13/21 00:20:26 Uhr UTC,96.40,21.30
03/13/21 00:20:56 Uhr UTC,96.40,21.30
03/13/21 00:21:26 Uhr UTC,96.40,21.30
03/13/21 00:21:56 Uhr UTC,96.40,21.30
03/13/21 00:22:26 Uhr UTC,96.40,21.30
03/13/21 00:22:56 Uhr UTC,96.50,21.30
03/13/21 00:23:26 Uhr UTC,96.50,21.30
03/13/21 00:23:56 Uhr UTC,96.50,21.30
03/13/21 00:24:26 Uhr UTC,96.50,21.30
03/13/21 00:24:56 Uhr UTC,96.50,21.30
03/13/21 00:25:26 Uhr UTC,96.50,21.30
03/13/21 00:25:56 Uhr UTC,96.50,21.30
03/13/21 00:26:26 Uhr UTC,96.50,21.30
03/13/21 00:26:56 Uhr UTC,96.50,21.30
03/13/21 00:27:26 Uhr UTC,96.60,21.30
03/13/21 00:27:56 Uhr UTC,96.60,21.30
03/13/21 00:28:26 Uhr UTC,96.60,21.30
03/13/21 00:28:56 Uhr UTC,96.60,21.30
03/13/21 00:29:26 Uhr UTC,96.60,21.30
03/13/21 00:29:56 Uhr UTC,96.60,21.30
03/13/21 00:30:26 Uhr UTC,96.60,21.30
03/13/21 00:30:56 Uhr UTC,96.60,21.30
03/13/21 00:31:26 Uhr UTC,96.60,21.30
03/13/21 00:31:57 Uhr UTC,96.60,21.30
03/13/21 00:32:27 Uhr UTC,96.70,21.30
03/13/21 00:32:57 Uhr UTC,96.70,21.30
03/13/21 00:33:27 Uhr UTC,96.70,21.30
03/13/21 00:33:57 Uhr UTC,96.70,21.30
03/13/21 00:34:27 Uhr UTC,96.70,21.20
03/13/21 00:34:57 Uhr UTC,96.70,21.20
03/13/21 00:35:27 Uhr UTC,96.70,21.20
03/13/21 00:35:57 Uhr UTC,96.70,21.20
03/13/21 00:36:27 Uhr UTC,96.70,21.30
03/13/21 00:36:57 Uhr UTC,96.70,21.20
03/13/21 00:37:27 Uhr UTC,96.80,21.30
03/13/21 00:37:57 Uhr UTC,96.80,21.20
03/13/21 00:38:27 Uhr UTC,96.80,21.20
03/13/21 00:38:57 Uhr UTC,96.80,21.20
03/13/21 00:39:27 Uhr UTC,96.80,21.20
03/13/21 00:39:57 Uhr UTC,96.80,21.20
03/13/21 00:40:27 Uhr UTC,96.80,21.20
03/13/21 00:40:57 Uhr UTC,96.80,21.20
03/13/21 00:41:27 Uhr UTC,96.80,21.20
03/13/21 00:41:57 Uhr UTC,96.80,21.20
03/13/21 00:42:27 Uhr UTC,96.80,21.20
03/13/21 00:42:57 Uhr UTC,96.80,21.20
03/13/21 00:43:27 Uhr UTC,96.90,21.20
03/13/21 00:43:58 Uhr UTC,96.90,21.20
03/13/21 00:44:28 Uhr UTC,96.90,21.30
03/13/21 00:44:58 Uhr UTC,96.90,21.20
03/13/21 00:45:28 Uhr UTC,96.90,21.20
03/13/21 00:45:58 Uhr UTC,96.90,21.20
03/13/21 00:46:28 Uhr UTC,96.90,21.20
03/13/21 00:46:58 Uhr UTC,96.90,21.20
03/13/21 00:47:28 Uhr UTC,96.90,21.20
03/13/21 00:47:58 Uhr UTC,96.90,21.20
03/13/21 00:48:28 Uhr UTC,96.90,21.20
03/13/21 00:48:58 Uhr UTC,97.00,21.20
03/13/21 00:49:28 Uhr UTC,97.00,21.20
03/13/21 00:49:58 Uhr UTC,97.00,21.20
03/13/21 00:50:28 Uhr UTC,97.00,21.20
03/13/21 00:50:58 Uhr UTC,97.00,21.20
03/13/21 00:51:28 Uhr UTC,97.00,21.20
03/13/21 00:51:58 Uhr UTC,97.00,21.20
03/13/21 00:52:28 Uhr UTC,97.00,21.20
03/13/21 00:52:58 Uhr UTC,97.00,21.20
03/13/21 00:53:28 Uhr UTC,97.00,21.10
03/13/21 00:53:58 Uhr UTC,97.00,21.20
03/13/21 00:54:28 Uhr UTC,97.00,21.20
03/13/21 00:54:58 Uhr UTC,97.00,21.20
03/13/21 00:55:28 Uhr UTC,97.00,21.20
03/13/21 00:55:58 Uhr UTC,97.10,21.20
03/13/21 00:56:29 Uhr UTC,97.10,21.20
03/13/21 00:56:59 Uhr UTC,97.10,21.20
03/13/21 00:57:29 Uhr UTC,97.10,21.20
03/13/21 00:57:59 Uhr UTC,97.10,21.20
03/13/21 00:58:29 Uhr UTC,97.10,21.20
03/13/21 00:58:59 Uhr UTC,97.10,21.20
03/13/21 00:59:29 Uhr UTC,97.10,21.10
03/13/21 00:59:59 Uhr UTC,97.10,21.10
03/13/21 01:00:29 Uhr UTC,97.10,21.10
03/13/21 01:00:59 Uhr UTC,97.10,21.10
03/13/21 01:01:29 Uhr UTC,97.10,21.10
03/13/21 01:01:59 Uhr UTC,97.10,21.10
03/13/21 01:02:29 Uhr UTC,97.10,21.10
03/13/21 01:02:59 Uhr UTC,97.10,21.10
03/13/21 01:03:29 Uhr UTC,97.10,21.10
03/13/21 01:03:59 Uhr UTC,97.10,21.10
03/13/21 01:04:29 Uhr UTC,97.20,21.10
03/13/21 01:04:59 Uhr UTC,97.20,21.10
03/13/21 01:05:29 Uhr UTC,97.20,21.10
03/13/21 01:05:59 Uhr UTC,97.20,21.10
03/13/21 01:06:29 Uhr UTC,97.20,21.10
03/13/21 01:06:59 Uhr UTC,97.20,21.10
03/13/21 01:07:29 Uhr UTC,97.20,21.10
03/13/21 01:07:59 Uhr UTC,97.20,21.10
03/13/21 01:08:29 Uhr UTC,97.20,21.10
03/13/21 01:09:00 Uhr UTC,97.20,21.10
03/13/21 01:09:30 Uhr UTC,97.20,21.10
03/13/21 01:10:00 Uhr UTC,97.20,21.10
03/13/21 01:10:30 Uhr UTC,97.20,21.10
03/13/21 01:11:00 Uhr UTC,97.30,21.10
03/13/21 01:11:30 Uhr UTC,97.30,21.10
03/13/21 01:12:00 Uhr UTC,97.30,21.10
03/13/21 01:12:30 Uhr UTC,97.30,21.10
03/13/21 01:13:00 Uhr UTC,97.30,21.10
03/13/21 01:13:30 Uhr UTC,97.30,21.10
03/13/21 01:14:00 Uhr UTC,97.30,21.10
03/13/21 01:14:30 Uhr UTC,97.30,21.10
03/13/21 01:15:00 Uhr UTC,97.30,21.10
03/13/21 01:15:30 Uhr UTC,97.30,21.10
03/13/21 01:16:00 Uhr UTC,97.30,21.10
03/13/21 01:16:30 Uhr UTC,97.30,21.10
03/13/21 01:17:00 Uhr UTC,97.30,21.10
03/13/21 01:17:30 Uhr UTC,97.30,21.10
03/13/21 01:18:00 Uhr UTC,97.30,21.10
03/13/21 01:18:30 Uhr UTC,97.30,21.10
03/13/21 01:19:00 Uhr UTC,97.30,21.10
03/13/21 01:19:30 Uhr UTC,97.40,21.10
03/13/21 01:20:00 Uhr UTC,97.30,21.00
03/13/21 01:20:30 Uhr UTC,97.40,21.10
03/13/21 01:21:00 Uhr UTC,97.30,21.00
03/13/21 01:21:31 Uhr UTC,97.40,21.00
03/13/21 01:22:01 Uhr UTC,97.40,21.10
03/13/21 01:22:31 Uhr UTC,97.40,21.00
03/13/21 01:23:01 Uhr UTC,97.40,21.00
03/13/21 01:23:31 Uhr UTC,97.40,21.00
03/13/21 01:24:01 Uhr UTC,97.40,21.00
03/13/21 01:24:31 Uhr UTC,97.40,21.00
03/13/21 01:25:01 Uhr UTC,97.40,21.00
03/13/21 01:25:31 Uhr UTC,97.40,21.00
03/13/21 01:26:01 Uhr UTC,97.40,21.00
03/13/21 01:26:31 Uhr UTC,97.40,21.00
03/13/21 01:27:01 Uhr UTC,97.40,21.00
03/13/21 01:27:31 Uhr UTC,97.40,21.00
03/13/21 01:28:01 Uhr UTC,97.40,21.00
03/13/21 01:28:31 Uhr UTC,97.40,21.00
03/13/21 01:29:01 Uhr UTC,97.40,21.00
03/13/21 01:29:31 Uhr UTC,97.40,21.00
03/13/21 01:30:01 Uhr UTC,97.40,21.00
03/13/21 01:30:31 Uhr UTC,97.40,21.00
03/13/21 01:31:01 Uhr UTC,97.40,21.00
03/13/21 01:31:31 Uhr UTC,97.50,21.00
03/13/21 01:32:01 Uhr UTC,97.50,21.00
03/13/21 01:32:31 Uhr UTC,97.50,21.00
03/13/21 01:33:01 Uhr UTC,97.50,21.00
03/13/21 01:33:31 Uhr UTC,97.50,21.00
03/13/21 01:34:02 Uhr UTC,97.50,21.00
03/13/21 01:34:32 Uhr UTC,97.50,21.00
03/13/21 01:35:02 Uhr UTC,97.50,21.00
03/13/21 01:35:32 Uhr UTC,97.50,21.00
03/13/21 01:36:02 Uhr UTC,97.50,21.00
03/13/21 01:36:32 Uhr UTC,97.50,21.00
03/13/21 01:37:02 Uhr UTC,97.50,20.90
03/13/21 01:37:32 Uhr UTC,97.50,21.00
03/13/21 01:38:02 Uhr UTC,97.50,21.00
03/13/21 01:38:32 Uhr UTC,97.50,21.00
03/13/21 01:39:02 Uhr UTC,97.50,20.90
03/13/21 01:39:32 Uhr UTC,97.50,20.90
03/13/21 01:40:02 Uhr UTC,97.50,20.90
03/13/21 01:40:32 Uhr UTC,97.50,20.90
03/13/21 01:41:02 Uhr UTC,97.50,20.90
03/13/21 01:41:32 Uhr UTC,97.60,21.00
03/13/21 01:42:02 Uhr UTC,97.60,20.90
03/13/21 01:42:32 Uhr UTC,97.60,20.90
03/13/21 01:43:02 Uhr UTC,97.60,20.90
03/13/21 01:43:32 Uhr UTC,97.60,20.90
03/13/21 01:44:02 Uhr UTC,97.60,20.90
03/13/21 01:44:32 Uhr UTC,97.60,20.90
03/13/21 01:45:02 Uhr UTC,97.60,20.90
03/13/21 01:45:32 Uhr UTC,97.60,20.90
03/13/21 01:46:02 Uhr UTC,97.60,20.90
03/13/21 01:46:33 Uhr UTC,97.60,20.90
03/13/21 01:47:03 Uhr UTC,97.60,20.90
03/13/21 01:47:33 Uhr UTC,97.60,20.90
03/13/21 01:48:03 Uhr UTC,97.60,20.90
03/13/21 01:48:33 Uhr UTC,97.60,20.90
03/13/21 01:49:03 Uhr UTC,97.60,20.90
03/13/21 01:49:33 Uhr UTC,97.60,20.90
03/13/21 01:50:03 Uhr UTC,97.60,20.90
03/13/21 01:50:33 Uhr UTC,97.60,20.90
03/13/21 01:51:03 Uhr UTC,97.60,20.90
03/13/21 01:51:33 Uhr UTC,97.60,20.90
03/13/21 01:52:03 Uhr UTC,97.60,20.90
03/13/21 01:52:33 Uhr UTC,97.70,20.90
03/13/21 01:53:03 Uhr UTC,97.60,20.90
03/13/21 01:53:33 Uhr UTC,97.60,20.90
03/13/21 01:54:03 Uhr UTC,97.70,20.90
03/13/21 01:54:33 Uhr UTC,97.70,20.90
03/13/21 01:55:03 Uhr UTC,97.70,20.90
03/13/21 01:55:33 Uhr UTC,97.70,20.90
03/13/21 01:56:03 Uhr UTC,97.70,20.90
03/13/21 01:56:33 Uhr UTC,97.70,20.90
03/13/21 01:57:03 Uhr UTC,97.70,20.90
03/13/21 01:57:33 Uhr UTC,97.70,20.90
03/13/21 01:58:03 Uhr UTC,97.70,20.90
03/13/21 01:58:33 Uhr UTC,97.70,20.90
03/13/21 01:59:04 Uhr UTC,97.70,20.80
03/13/21 01:59:34 Uhr UTC,97.70,20.80
03/13/21 02:00:04 Uhr UTC,97.70,20.90
03/13/21 02:00:34 Uhr UTC,97.70,20.90
03/13/21 02:01:04 Uhr UTC,97.70,20.80
03/13/21 02:01:34 Uhr UTC,97.70,20.80
03/13/21 02:02:04 Uhr UTC,97.70,20.90
03/13/21 02:02:34 Uhr UTC,97.70,20.90
03/13/21 02:03:04 Uhr UTC,97.70,20.80
03/13/21 02:03:34 Uhr UTC,97.70,20.80
03/13/21 02:04:04 Uhr UTC,97.80,20.90
03/13/21 02:04:34 Uhr UTC,97.70,20.80
03/13/21 02:05:04 Uhr UTC,97.70,20.80
03/13/21 02:05:34 Uhr UTC,97.70,20.80
03/13/21 02:06:04 Uhr UTC,97.80,20.90
03/13/21 02:06:34 Uhr UTC,97.70,20.80
03/13/21 02:07:04 Uhr UTC,97.80,20.80
03/13/21 02:07:34 Uhr UTC,97.70,20.80
03/13/21 02:08:04 Uhr UTC,97.80,20.80
03/13/21 02:08:34 Uhr UTC,97.80,20.80
03/13/21 02:09:04 Uhr UTC,97.80,20.80
03/13/21 02:09:34 Uhr UTC,97.80,20.80
03/13/21 02:10:04 Uhr UTC,97.80,20.80
03/13/21 02:10:34 Uhr UTC,97.80,20.80
03/13/21 02:11:04 Uhr UTC,97.80,20.80
03/13/21 02:11:35 Uhr UTC,97.80,20.80
03/13/21 02:12:05 Uhr UTC,97.80,20.80
03/13/21 02:12:35 Uhr UTC,97.80,20.80
03/13/21 02:13:05 Uhr UTC,97.80,20.80
03/13/21 02:13:35 Uhr UTC,97.80,20.80
03/13/21 02:14:05 Uhr UTC,97.80,20.80
03/13/21 02:14:35 Uhr UTC,97.80,20.80
03/13/21 02:15:05 Uhr UTC,97.80,20.80
03/13/21 02:15:35 Uhr UTC,97.80,20.80
03/13/21 02:16:05 Uhr UTC,97.80,20.80
03/13/21 02:16:35 Uhr UTC,97.80,20.80
03/13/21 02:17:05 Uhr UTC,97.80,20.80
03/13/21 02:17:35 Uhr UTC,97.80,20.80
03/13/21 02:18:05 Uhr UTC,97.90,20.80
03/13/21 02:18:35 Uhr UTC,97.90,20.80
03/13/21 02:19:05 Uhr UTC,97.90,20.80
03/13/21 02:19:35 Uhr UTC,97.90,20.80
03/13/21 02:20:05 Uhr UTC,97.90,20.80
03/13/21 02:20:35 Uhr UTC,97.90,20.80
03/13/21 02:21:05 Uhr UTC,97.90,20.80
03/13/21 02:21:35 Uhr UTC,97.80,20.70
03/13/21 02:22:05 Uhr UTC,97.80,20.70
03/13/21 02:22:35 Uhr UTC,97.90,20.80
03/13/21 02:23:05 Uhr UTC,97.90,20.80
03/13/21 02:23:35 Uhr UTC,97.90,20.80
03/13/21 02:24:06 Uhr UTC,97.90,20.80
03/13/21 02:24:36 Uhr UTC,97.90,20.80
03/13/21 02:25:06 Uhr UTC,97.90,20.70
03/13/21 02:25:36 Uhr UTC,97.90,20.70
03/13/21 02:26:06 Uhr UTC,97.90,20.80
03/13/21 02:26:36 Uhr UTC,97.90,20.80
03/13/21 02:27:06 Uhr UTC,97.90,20.70
03/13/21 02:27:36 Uhr UTC,97.90,20.80
03/13/21 02:28:06 Uhr UTC,97.90,20.80
03/13/21 02:28:36 Uhr UTC,97.90,20.70
03/13/21 02:29:06 Uhr UTC,97.90,20.70
03/13/21 02:29:36 Uhr UTC,97.90,20.70
03/13/21 02:30:06 Uhr UTC,97.90,20.80
03/13/21 02:30:36 Uhr UTC,97.90,20.80
03/13/21 02:31:06 Uhr UTC,97.90,20.70
03/13/21 02:31:36 Uhr UTC,97.90,20.70
03/13/21 02:32:06 Uhr UTC,97.90,20.70
03/13/21 02:32:36 Uhr UTC,97.90,20.70
03/13/21 02:33:06 Uhr UTC,97.90,20.70
03/13/21 02:33:36 Uhr UTC,97.90,20.70
03/13/21 02:34:06 Uhr UTC,98.00,20.70
03/13/21 02:34:36 Uhr UTC,98.00,20.70
03/13/21 02:35:06 Uhr UTC,98.00,20.70
03/13/21 02:35:36 Uhr UTC,98.00,20.70
03/13/21 02:36:06 Uhr UTC,98.00,20.70
03/13/21 02:36:37 Uhr UTC,98.00,20.70
03/13/21 02:37:07 Uhr UTC,98.00,20.70
03/13/21 02:37:37 Uhr UTC,98.00,20.70
03/13/21 02:38:07 Uhr UTC,98.00,20.70
03/13/21 02:38:37 Uhr UTC,98.00,20.70
03/13/21 02:39:07 Uhr UTC,98.00,20.70
03/13/21 02:39:37 Uhr UTC,98.00,20.70
03/13/21 02:40:07 Uhr UTC,98.00,20.70
03/13/21 02:40:37 Uhr UTC,98.00,20.70
03/13/21 02:41:07 Uhr UTC,98.00,20.70
03/13/21 02:41:37 Uhr UTC,98.00,20.70
03/13/21 02:42:07 Uhr UTC,98.00,20.70
03/13/21 02:42:37 Uhr UTC,98.00,20.70
03/13/21 02:43:07 Uhr UTC,98.00,20.70
03/13/21 02:43:37 Uhr UTC,98.00,20.70
03/13/21 02:44:07 Uhr UTC,98.00,20.70
03/13/21 02:44:37 Uhr UTC,98.00,20.70
03/13/21 02:45:07 Uhr UTC,98.00,20.70
03/13/21 02:45:37 Uhr UTC,98.00,20.70
03/13/21 02:46:07 Uhr UTC,98.00,20.70
03/13/21 02:46:37 Uhr UTC,98.00,20.70
03/13/21 02:47:07 Uhr UTC,98.00,20.70
03/13/21 02:47:37 Uhr UTC,98.00,20.70
03/13/21 02:48:07 Uhr UTC,98.00,20.70
03/13/21 02:48:38 Uhr UTC,98.00,20.70
03/13/21 02:49:08 Uhr UTC,98.00,20.70
03/13/21 02:49:38 Uhr UTC,98.00,20.70
03/13/21 02:50:08 Uhr UTC,98.10,20.70
03/13/21 02:50:38 Uhr UTC,98.10,20.70
03/13/21 02:51:08 Uhr UTC,98.10,20.70
03/13/21 02:51:38 Uhr UTC,98.10,20.70
03/13/21 02:52:08 Uhr UTC,98.10,20.70
03/13/21 02:52:38 Uhr UTC,98.10,20.70
03/13/21 02:53:08 Uhr UTC,98.10,20.70
03/13/21 02:53:38 Uhr UTC,98.10,20.70
03/13/21 02:54:08 Uhr UTC,98.10,20.70
03/13/21 02:54:38 Uhr UTC,98.10,20.70
03/13/21 02:55:08 Uhr UTC,98.10,20.70
03/13/21 02:55:38 Uhr UTC,98.10,20.70
03/13/21 02:56:08 Uhr UTC,98.10,20.70
03/13/21 02:56:38 Uhr UTC,98.10,20.70
03/13/21 02:57:08 Uhr UTC,98.10,20.70
03/13/21 02:57:38 Uhr UTC,98.10,20.70
03/13/21 02:58:08 Uhr UTC,98.10,20.70
03/13/21 02:58:38 Uhr UTC,98.10,20.70
03/13/21 02:59:08 Uhr UTC,98.10,20.70
03/13/21 02:59:38 Uhr UTC,98.10,20.70
03/13/21 03:00:08 Uhr UTC,98.10,20.70
03/13/21 03:00:38 Uhr UTC,98.10,20.70
03/13/21 03:01:09 Uhr UTC,98.10,20.70
03/13/21 03:01:39 Uhr UTC,98.10,20.70
03/13/21 03:02:09 Uhr UTC,98.10,20.70
03/13/21 03:02:39 Uhr UTC,98.10,20.70
03/13/21 03:03:09 Uhr UTC,98.10,20.70
03/13/21 03:03:39 Uhr UTC,98.10,20.70
03/13/21 03:04:09 Uhr UTC,98.10,20.70
03/13/21 03:04:39 Uhr UTC,98.10,20.70
03/13/21 03:05:09 Uhr UTC,98.10,20.80
03/13/21 03:05:39 Uhr UTC,98.10,20.70
03/13/21 03:06:09 Uhr UTC,98.10,20.70
03/13/21 03:06:39 Uhr UTC,98.10,20.80
03/13/21 03:07:09 Uhr UTC,98.10,20.70
03/13/21 03:07:39 Uhr UTC,98.20,20.80
03/13/21 03:08:09 Uhr UTC,98.10,20.70
03/13/21 03:08:39 Uhr UTC,98.20,20.80
03/13/21 03:09:09 Uhr UTC,98.10,20.70
03/13/21 03:09:39 Uhr UTC,98.20,20.70
03/13/21 03:10:09 Uhr UTC,98.20,20.70
03/13/21 03:10:39 Uhr UTC,98.20,20.70
03/13/21 03:11:09 Uhr UTC,98.20,20.80
03/13/21 03:11:39 Uhr UTC,98.20,20.80
03/13/21 03:12:09 Uhr UTC,98.20,20.70
03/13/21 03:12:39 Uhr UTC,98.20,20.70
03/13/21 03:13:09 Uhr UTC,98.20,20.70
03/13/21 03:13:40 Uhr UTC,98.20,20.80
03/13/21 03:14:10 Uhr UTC,98.20,20.80
03/13/21 03:14:40 Uhr UTC,98.20,20.80
03/13/21 03:15:10 Uhr UTC,98.20,20.80
03/13/21 03:15:40 Uhr UTC,98.20,20.80
03/13/21 03:16:10 Uhr UTC,98.20,20.80
03/13/21 03:16:40 Uhr UTC,98.20,20.80
03/13/21 03:17:10 Uhr UTC,98.20,20.80
03/13/21 03:17:40 Uhr UTC,98.20,20.80
03/13/21 03:18:10 Uhr UTC,98.20,20.80
03/13/21 03:18:40 Uhr UTC,98.20,20.80
03/13/21 03:19:10 Uhr UTC,98.20,20.80
03/13/21 03:19:40 Uhr UTC,98.20,20.80
03/13/21 03:20:10 Uhr UTC,98.20,20.80
03/13/21 03:20:40 Uhr UTC,98.20,20.80
03/13/21 03:21:10 Uhr UTC,98.20,20.80
03/13/21 03:21:40 Uhr UTC,98.20,20.80
03/13/21 03:22:10 Uhr UTC,98.20,20.80
03/13/21 03:22:40 Uhr UTC,98.20,20.80
03/13/21 03:23:10 Uhr UTC,98.20,20.80
03/13/21 03:23:40 Uhr UTC,98.20,20.80
03/13/21 03:24:10 Uhr UTC,98.20,20.80
03/13/21 03:24:40 Uhr UTC,98.20,20.80
03/13/21 03:25:10 Uhr UTC,98.20,20.80
03/13/21 03:25:40 Uhr UTC,98.20,20.80
03/13/21 03:26:11 Uhr UTC,98.20,20.80
03/13/21 03:26:41 Uhr UTC,98.20,20.80
03/13/21 03:27:11 Uhr UTC,98.20,20.80
03/13/21 03:27:41 Uhr UTC,98.20,20.80
03/13/21 03:28:11 Uhr UTC,98.20,20.80
03/13/21 03:28:41 Uhr UTC,98.20,20.80
03/13/21 03:29:11 Uhr UTC,98.20,20.80
03/13/21 03:29:41 Uhr UTC,98.20,20.80
03/13/21 03:30:11 Uhr UTC,98.30,20.80
03/13/21 03:30:41 Uhr UTC,98.30,20.80
03/13/21 03:31:11 Uhr UTC,98.30,20.80
03/13/21 03:31:41 Uhr UTC,98.30,20.80
03/13/21 03:32:11 Uhr UTC,98.30,20.80
03/13/21 03:32:41 Uhr UTC,98.30,20.80
03/13/21 03:33:11 Uhr UTC,98.30,20.80
03/13/21 03:33:41 Uhr UTC,98.30,20.80
03/13/21 03:34:11 Uhr UTC,98.30,20.80
03/13/21 03:34:41 Uhr UTC,98.30,20.80
03/13/21 03:35:11 Uhr UTC,98.30,20.80
03/13/21 03:35:41 Uhr UTC,98.30,20.90
03/13/21 03:36:11 Uhr UTC,98.30,20.90
03/13/21 03:36:41 Uhr UTC,98.30,20.80
03/13/21 03:37:11 Uhr UTC,98.30,20.90
03/13/21 03:37:41 Uhr UTC,98.30,20.90
03/13/21 03:38:11 Uhr UTC,98.30,20.90
03/13/21 03:38:42 Uhr UTC,98.30,20.90
03/13/21 03:39:12 Uhr UTC,98.30,20.80
03/13/21 03:39:42 Uhr UTC,98.30,20.90
03/13/21 03:40:12 Uhr UTC,98.30,20.90
03/13/21 03:40:42 Uhr UTC,98.30,20.90
03/13/21 03:41:12 Uhr UTC,98.30,20.90
03/13/21 03:41:42 Uhr UTC,98.30,20.90
03/13/21 03:42:12 Uhr UTC,98.30,20.90
03/13/21 03:42:42 Uhr UTC,98.30,20.90
03/13/21 03:43:12 Uhr UTC,98.30,20.90
03/13/21 03:43:42 Uhr UTC,98.30,20.90
03/13/21 03:44:12 Uhr UTC,98.30,20.90
03/13/21 03:44:42 Uhr UTC,98.30,20.90
03/13/21 03:45:12 Uhr UTC,98.30,20.90
03/13/21 03:45:42 Uhr UTC,98.30,20.90
03/13/21 03:46:12 Uhr UTC,98.30,20.90
03/13/21 03:46:42 Uhr UTC,98.30,20.90
03/13/21 03:47:12 Uhr UTC,98.30,20.90
03/13/21 03:47:42 Uhr UTC,98.30,20.90
03/13/21 03:48:12 Uhr UTC,98.30,20.90
03/13/21 03:48:42 Uhr UTC,98.30,20.90
03/13/21 03:49:12 Uhr UTC,98.30,20.90
03/13/21 03:49:42 Uhr UTC,98.30,20.90
03/13/21 03:50:12 Uhr UTC,98.30,20.90
03/13/21 03:50:42 Uhr UTC,98.30,20.90
03/13/21 03:51:13 Uhr UTC,98.30,20.90
03/13/21 03:51:43 Uhr UTC,98.30,20.90
03/13/21 03:52:13 Uhr UTC,98.30,20.90
03/13/21 03:52:43 Uhr UTC,98.30,20.90
03/13/21 03:53:13 Uhr UTC,98.30,20.90
03/13/21 03:53:43 Uhr UTC,98.30,20.90
03/13/21 03:54:13 Uhr UTC,98.30,20.90
03/13/21 03:54:43 Uhr UTC,98.40,21.00
03/13/21 03:55:13 Uhr UTC,98.40,21.00
03/13/21 03:55:43 Uhr UTC,98.40,21.00
03/13/21 03:56:13 Uhr UTC,98.40,21.00
03/13/21 03:56:43 Uhr UTC,98.40,21.00
03/13/21 03:57:13 Uhr UTC,98.40,21.00
03/13/21 03:57:43 Uhr UTC,98.40,21.00
03/13/21 03:58:13 Uhr UTC,98.40,21.00
03/13/21 03:58:43 Uhr UTC,98.40,21.00
03/13/21 03:59:13 Uhr UTC,98.40,21.00
03/13/21 03:59:43 Uhr UTC,98.40,21.00
03/13/21 04:00:13 Uhr UTC,98.40,21.00
03/13/21 04:00:43 Uhr UTC,98.40,21.00
03/13/21 04:01:13 Uhr UTC,98.40,21.00
03/13/21 04:01:43 Uhr UTC,98.40,21.00
03/13/21 04:02:13 Uhr UTC,98.40,21.00
03/13/21 04:02:43 Uhr UTC,98.40,21.00
03/13/21 04:03:13 Uhr UTC,98.40,21.00
03/13/21 04:03:44 Uhr UTC,98.40,21.00
03/13/21 04:04:14 Uhr UTC,98.40,21.00
03/13/21 04:04:44 Uhr UTC,98.40,21.00
03/13/21 04:05:14 Uhr UTC,98.40,21.00
03/13/21 04:05:44 Uhr UTC,98.40,21.00
03/13/21 04:06:14 Uhr UTC,98.40,21.10
03/13/21 04:06:44 Uhr UTC,98.40,21.00
03/13/21 04:07:14 Uhr UTC,98.40,21.00
03/13/21 04:07:44 Uhr UTC,98.40,21.00
03/13/21 04:08:14 Uhr UTC,98.40,21.00
03/13/21 04:08:44 Uhr UTC,98.40,21.00
03/13/21 04:09:14 Uhr UTC,98.40,21.10
03/13/21 04:09:44 Uhr UTC,98.40,21.10
03/13/21 04:10:14 Uhr UTC,98.40,21.10
03/13/21 04:10:44 Uhr UTC,98.40,21.00
03/13/21 04:11:14 Uhr UTC,98.40,21.10
03/13/21 04:11:44 Uhr UTC,98.40,21.10
03/13/21 04:12:14 Uhr UTC,98.40,21.10
03/13/21 04:12:44 Uhr UTC,98.40,21.10
03/13/21 04:13:14 Uhr UTC,98.40,21.10
03/13/21 04:13:44 Uhr UTC,98.40,21.10
03/13/21 04:14:14 Uhr UTC,98.40,21.10
03/13/21 04:14:44 Uhr UTC,98.40,21.10
03/13/21 04:15:14 Uhr UTC,98.40,21.10
03/13/21 04:15:44 Uhr UTC,98.40,21.10
03/13/21 04:16:15 Uhr UTC,98.40,21.10
03/13/21 04:16:45 Uhr UTC,98.40,21.10
03/13/21 04:17:15 Uhr UTC,98.40,21.10
03/13/21 04:17:45 Uhr UTC,98.40,21.10
03/13/21 04:18:15 Uhr UTC,98.40,21.10
03/13/21 04:18:45 Uhr UTC,98.40,21.10
03/13/21 04:19:15 Uhr UTC,98.40,21.10
03/13/21 04:19:45 Uhr UTC,98.40,21.10
03/13/21 04:20:15 Uhr UTC,98.40,21.10
03/13/21 04:20:45 Uhr UTC,98.40,21.10
03/13/21 04:21:15 Uhr UTC,98.40,21.10
03/13/21 04:21:45 Uhr UTC,98.40,21.20
03/13/21 04:22:15 Uhr UTC,98.40,21.10
03/13/21 04:22:45 Uhr UTC,98.40,21.10
03/13/21 04:23:15 Uhr UTC,98.40,21.20
03/13/21 04:23:45 Uhr UTC,98.40,21.20
03/13/21 04:24:15 Uhr UTC,98.40,21.20
03/13/21 04:24:45 Uhr UTC,98.40,21.20
03/13/21 04:25:15 Uhr UTC,98.40,21.20
03/13/21 04:25:45 Uhr UTC,98.40,21.20
03/13/21 04:26:15 Uhr UTC,98.40,21.20
03/13/21 04:26:45 Uhr UTC,98.40,21.20
03/13/21 04:27:15 Uhr UTC,98.40,21.20
03/13/21 04:27:45 Uhr UTC,98.40,21.20
03/13/21 04:28:16 Uhr UTC,98.40,21.20
03/13/21 04:28:46 Uhr UTC,98.40,21.20
03/13/21 04:29:16 Uhr UTC,98.40,21.20
03/13/21 04:29:46 Uhr UTC,98.40,21.20
03/13/21 04:30:16 Uhr UTC,98.40,21.20
03/13/21 04:30:46 Uhr UTC,98.40,21.20
03/13/21 04:31:16 Uhr UTC,98.50,21.30
03/13/21 04:31:46 Uhr UTC,98.40,21.20
03/13/21 04:32:16 Uhr UTC,98.40,21.20
03/13/21 04:32:46 Uhr UTC,98.40,21.20
03/13/21 04:33:16 Uhr UTC,98.40,21.20
03/13/21 04:33:46 Uhr UTC,98.40,21.20
03/13/21 04:34:16 Uhr UTC,98.50,21.30
03/13/21 04:34:46 Uhr UTC,98.40,21.20
03/13/21 04:35:16 Uhr UTC,98.50,21.30
03/13/21 04:35:46 Uhr UTC,98.50,21.30
03/13/21 04:36:16 Uhr UTC,98.50,21.30
03/13/21 04:36:46 Uhr UTC,98.50,21.30
03/13/21 04:37:16 Uhr UTC,98.50,21.30
03/13/21 04:37:46 Uhr UTC,98.50,21.30
03/13/21 04:38:16 Uhr UTC,98.50,21.30
03/13/21 04:38:46 Uhr UTC,98.50,21.30
03/13/21 04:39:16 Uhr UTC,98.50,21.30
03/13/21 04:39:46 Uhr UTC,98.50,21.30
03/13/21 04:40:16 Uhr UTC,98.50,21.30
03/13/21 04:40:47 Uhr UTC,98.50,21.30
03/13/21 04:41:17 Uhr UTC,98.50,21.30
03/13/21 04:41:47 Uhr UTC,98.50,21.30
03/13/21 04:42:17 Uhr UTC,98.50,21.30
03/13/21 04:42:47 Uhr UTC,98.50,21.30
03/13/21 04:43:17 Uhr UTC,98.50,21.30
03/13/21 04:43:47 Uhr UTC,98.50,21.30
03/13/21 04:44:17 Uhr UTC,98.50,21.30
03/13/21 04:44:47 Uhr UTC,98.50,21.30
03/13/21 04:45:17 Uhr UTC,98.50,21.30
03/13/21 04:45:47 Uhr UTC,98.50,21.30
03/13/21 04:46:17 Uhr UTC,98.50,21.30
03/13/21 04:46:47 Uhr UTC,98.50,21.30
03/13/21 04:47:17 Uhr UTC,98.50,21.40
03/13/21 04:47:47 Uhr UTC,98.50,21.40
03/13/21 04:48:17 Uhr UTC,98.50,21.30
03/13/21 04:48:47 Uhr UTC,98.50,21.40
03/13/21 04:49:17 Uhr UTC,98.50,21.40
03/13/21 04:49:47 Uhr UTC,98.50,21.40
03/13/21 04:50:17 Uhr UTC,98.50,21.40
03/13/21 04:50:47 Uhr UTC,98.50,21.40
03/13/21 04:51:17 Uhr UTC,98.50,21.40
03/13/21 04:51:47 Uhr UTC,98.50,21.40
03/13/21 04:52:17 Uhr UTC,98.50,21.40
03/13/21 04:52:47 Uhr UTC,98.50,21.40
03/13/21 04:53:18 Uhr UTC,98.50,21.40
03/13/21 04:53:48 Uhr UTC,98.50,21.40
03/13/21 04:54:18 Uhr UTC,98.50,21.40
03/13/21 04:54:48 Uhr UTC,98.50,21.40
03/13/21 04:55:18 Uhr UTC,98.50,21.40
03/13/21 04:55:48 Uhr UTC,98.50,21.40
03/13/21 04:56:18 Uhr UTC,98.50,21.40
03/13/21 04:56:48 Uhr UTC,98.50,21.40
03/13/21 04:57:18 Uhr UTC,98.50,21.40
03/13/21 04:57:48 Uhr UTC,98.50,21.40
03/13/21 04:58:18 Uhr UTC,98.50,21.40
03/13/21 04:58:48 Uhr UTC,98.50,21.40
03/13/21 04:59:18 Uhr UTC,98.50,21.40
03/13/21 04:59:48 Uhr UTC,98.50,21.50
03/13/21 05:00:18 Uhr UTC,98.50,21.50
03/13/21 05:00:48 Uhr UTC,98.50,21.40
03/13/21 05:01:18 Uhr UTC,98.50,21.50
03/13/21 05:01:48 Uhr UTC,98.50,21.40
03/13/21 05:02:18 Uhr UTC,98.50,21.50
03/13/21 05:02:48 Uhr UTC,98.50,21.40
03/13/21 05:03:18 Uhr UTC,98.50,21.50
03/13/21 05:03:48 Uhr UTC,98.50,21.50
03/13/21 05:04:18 Uhr UTC,98.50,21.50
03/13/21 05:04:48 Uhr UTC,98.50,21.50
03/13/21 05:05:18 Uhr UTC,98.50,21.50
03/13/21 05:05:49 Uhr UTC,98.50,21.50
03/13/21 05:06:19 Uhr UTC,98.50,21.50
03/13/21 05:06:49 Uhr UTC,98.50,21.50
03/13/21 05:07:19 Uhr UTC,98.50,21.50
03/13/21 05:07:49 Uhr UTC,98.50,21.50
03/13/21 05:08:19 Uhr UTC,98.50,21.50
03/13/21 05:08:49 Uhr UTC,98.50,21.50
03/13/21 05:09:19 Uhr UTC,98.50,21.50
03/13/21 05:09:49 Uhr UTC,98.50,21.50
03/13/21 05:10:19 Uhr UTC,98.50,21.60
03/13/21 05:10:49 Uhr UTC,98.50,21.50
03/13/21 05:11:19 Uhr UTC,98.50,21.50
03/13/21 05:11:49 Uhr UTC,98.50,21.60
03/13/21 05:12:19 Uhr UTC,98.50,21.60
03/13/21 05:12:49 Uhr UTC,98.50,21.50
03/13/21 05:13:19 Uhr UTC,98.50,21.60
03/13/21 05:13:49 Uhr UTC,98.50,21.60
03/13/21 05:14:19 Uhr UTC,98.50,21.60
03/13/21 05:14:49 Uhr UTC,98.50,21.60
03/13/21 05:15:19 Uhr UTC,98.50,21.60
03/13/21 05:15:49 Uhr UTC,98.50,21.60
03/13/21 05:16:19 Uhr UTC,98.50,21.60
03/13/21 05:16:49 Uhr UTC,98.50,21.60
03/13/21 05:17:19 Uhr UTC,98.50,21.60
03/13/21 05:17:50 Uhr UTC,98.50,21.60
03/13/21 05:18:20 Uhr UTC,98.50,21.60
03/13/21 05:18:50 Uhr UTC,98.50,21.60
03/13/21 05:19:20 Uhr UTC,98.50,21.60
03/13/21 05:19:50 Uhr UTC,98.50,21.60
03/13/21 05:20:20 Uhr UTC,98.50,21.60
03/13/21 05:20:50 Uhr UTC,98.50,21.60
03/13/21 05:21:20 Uhr UTC,98.50,21.60
03/13/21 05:21:50 Uhr UTC,98.50,21.60
03/13/21 05:22:20 Uhr UTC,98.50,21.60
03/13/21 05:22:50 Uhr UTC,98.50,21.60
03/13/21 05:23:20 Uhr UTC,98.50,21.60
03/13/21 05:23:50 Uhr UTC,98.50,21.60
03/13/21 05:24:20 Uhr UTC,98.50,21.70
03/13/21 05:24:50 Uhr UTC,98.50,21.60
03/13/21 05:25:20 Uhr UTC,98.50,21.60
03/13/21 05:25:50 Uhr UTC,98.60,21.70
03/13/21 05:26:20 Uhr UTC,98.60,21.70
03/13/21 05:26:50 Uhr UTC,98.50,21.60
03/13/21 05:27:20 Uhr UTC,98.60,21.70
03/13/21 05:27:50 Uhr UTC,98.50,21.70
03/13/21 05:28:20 Uhr UTC,98.60,21.70
03/13/21 05:28:50 Uhr UTC,98.60,21.70
03/13/21 05:29:20 Uhr UTC,98.60,21.70
03/13/21 05:29:50 Uhr UTC,98.60,21.70
03/13/21 05:30:21 Uhr UTC,98.60,21.70
03/13/21 05:30:51 Uhr UTC,98.50,21.70
03/13/21 05:31:21 Uhr UTC,98.60,21.70
03/13/21 05:31:51 Uhr UTC,98.60,21.70
03/13/21 05:32:21 Uhr UTC,98.60,21.70
03/13/21 05:32:51 Uhr UTC,98.60,21.70
03/13/21 05:33:21 Uhr UTC,98.60,21.70
03/13/21 05:33:51 Uhr UTC,98.50,21.70
03/13/21 05:34:21 Uhr UTC,98.50,21.70
03/13/21 05:34:51 Uhr UTC,98.60,21.70
03/13/21 05:35:21 Uhr UTC,98.50,21.70
03/13/21 05:35:51 Uhr UTC,98.60,21.70
03/13/21 05:36:21 Uhr UTC,98.60,21.70
03/13/21 05:36:51 Uhr UTC,98.60,21.70
03/13/21 05:37:21 Uhr UTC,98.60,21.70
03/13/21 05:37:51 Uhr UTC,98.60,21.80
03/13/21 05:38:21 Uhr UTC,98.60,21.70
03/13/21 05:38:51 Uhr UTC,98.60,21.80
03/13/21 05:39:21 Uhr UTC,98.60,21.70
03/13/21 05:39:51 Uhr UTC,98.60,21.70
03/13/21 05:40:21 Uhr UTC,98.60,21.80
03/13/21 05:40:51 Uhr UTC,98.60,21.80
03/13/21 05:41:21 Uhr UTC,98.60,21.80
03/13/21 05:41:51 Uhr UTC,98.60,21.80
03/13/21 05:42:21 Uhr UTC,98.60,21.80
03/13/21 05:42:52 Uhr UTC,98.60,21.80
03/13/21 05:43:22 Uhr UTC,98.60,21.80
03/13/21 05:43:52 Uhr UTC,98.60,21.80
03/13/21 05:44:22 Uhr UTC,98.60,21.80
03/13/21 05:44:52 Uhr UTC,98.60,21.80
03/13/21 05:45:22 Uhr UTC,98.60,21.80
03/13/21 05:45:52 Uhr UTC,98.60,21.80
03/13/21 05:46:22 Uhr UTC,98.60,21.80
03/13/21 05:46:52 Uhr UTC,98.60,21.80
03/13/21 05:47:22 Uhr UTC,98.60,21.80
03/13/21 05:47:52 Uhr UTC,98.60,21.80
03/13/21 05:48:22 Uhr UTC,98.60,21.80
03/13/21 05:48:52 Uhr UTC,98.60,21.80
03/13/21 05:49:22 Uhr UTC,98.60,21.80
03/13/21 05:49:52 Uhr UTC,98.60,21.80
03/13/21 05:50:22 Uhr UTC,98.60,21.80
03/13/21 05:50:52 Uhr UTC,98.60,21.80
03/13/21 05:51:22 Uhr UTC,98.60,21.90
03/13/21 05:51:52 Uhr UTC,98.60,21.80
03/13/21 05:52:22 Uhr UTC,98.60,21.80
03/13/21 05:52:52 Uhr UTC,98.60,21.90
03/13/21 05:53:22 Uhr UTC,98.60,21.90
03/13/21 05:53:52 Uhr UTC,98.60,21.90
03/13/21 05:54:22 Uhr UTC,98.60,21.90
03/13/21 05:54:53 Uhr UTC,98.60,21.90
03/13/21 05:55:23 Uhr UTC,98.60,21.90
03/13/21 05:55:53 Uhr UTC,98.60,21.90
03/13/21 05:56:23 Uhr UTC,98.60,21.90
03/13/21 05:56:53 Uhr UTC,98.60,21.90
03/13/21 05:57:23 Uhr UTC,98.60,21.90
03/13/21 05:57:53 Uhr UTC,98.60,21.90
03/13/21 05:58:23 Uhr UTC,98.60,21.90
03/13/21 05:58:53 Uhr UTC,98.60,21.90
03/13/21 05:59:23 Uhr UTC,98.60,21.90
03/13/21 05:59:53 Uhr UTC,98.60,22.00
03/13/21 06:00:23 Uhr UTC,98.60,21.90
03/13/21 06:00:53 Uhr UTC,98.60,22.00
03/13/21 06:01:23 Uhr UTC,98.60,22.00
03/13/21 06:01:53 Uhr UTC,98.60,22.00
03/13/21 06:02:23 Uhr UTC,98.60,22.00
03/13/21 06:02:53 Uhr UTC,98.60,22.00
03/13/21 06:03:23 Uhr UTC,98.60,22.00
03/13/21 06:03:53 Uhr UTC,98.60,21.90
03/13/21 06:04:23 Uhr UTC,98.60,22.00
03/13/21 06:04:53 Uhr UTC,98.60,22.00
03/13/21 06:05:23 Uhr UTC,98.60,22.00
03/13/21 06:05:53 Uhr UTC,98.60,22.00
03/13/21 06:06:23 Uhr UTC,98.60,22.00
03/13/21 06:06:53 Uhr UTC,98.60,22.00
03/13/21 06:07:24 Uhr UTC,98.60,22.00
03/13/21 06:07:54 Uhr UTC,98.60,22.00
03/13/21 06:08:24 Uhr UTC,98.60,22.00
03/13/21 06:08:54 Uhr UTC,98.60,22.00
03/13/21 06:09:24 Uhr UTC,98.60,22.10
03/13/21 06:09:54 Uhr UTC,98.60,22.10
03/13/21 06:10:24 Uhr UTC,98.60,22.10
03/13/21 06:10:54 Uhr UTC,98.60,22.10
03/13/21 06:11:24 Uhr UTC,98.60,22.10
03/13/21 06:11:54 Uhr UTC,98.60,22.10
03/13/21 06:12:24 Uhr UTC,98.60,22.10
03/13/21 06:12:54 Uhr UTC,98.60,22.10
03/13/21 06:13:24 Uhr UTC,98.60,22.10
03/13/21 06:13:54 Uhr UTC,98.60,22.10
03/13/21 06:14:24 Uhr UTC,98.60,22.10
03/13/21 06:14:54 Uhr UTC,98.60,22.10
03/13/21 06:15:24 Uhr UTC,98.60,22.20
03/13/21 06:15:54 Uhr UTC,98.60,22.10
03/13/21 06:16:24 Uhr UTC,98.60,22.10
03/13/21 06:16:54 Uhr UTC,98.60,22.10
03/13/21 06:17:24 Uhr UTC,98.60,22.20
03/13/21 06:17:54 Uhr UTC,98.60,22.20
03/13/21 06:18:24 Uhr UTC,98.60,22.10
03/13/21 06:18:54 Uhr UTC,98.60,22.20
03/13/21 06:19:25 Uhr UTC,98.60,22.20
03/13/21 06:19:55 Uhr UTC,98.60,22.20
03/13/21 06:20:25 Uhr UTC,98.60,22.20
03/13/21 06:20:55 Uhr UTC,98.60,22.20
03/13/21 06:21:25 Uhr UTC,98.60,22.20
03/13/21 06:21:55 Uhr UTC,98.60,22.20
03/13/21 06:22:25 Uhr UTC,98.60,22.20
03/13/21 06:22:55 Uhr UTC,98.60,22.20
03/13/21 06:23:25 Uhr UTC,98.60,22.20
03/13/21 06:23:55 Uhr UTC,98.60,22.20
03/13/21 06:24:25 Uhr UTC,98.60,22.20
03/13/21 06:24:55 Uhr UTC,98.60,22.30
03/13/21 06:25:25 Uhr UTC,98.60,22.20
03/13/21 06:25:55 Uhr UTC,98.60,22.30
03/13/21 06:26:25 Uhr UTC,98.60,22.30
03/13/21 06:26:55 Uhr UTC,98.60,22.30
03/13/21 06:27:25 Uhr UTC,98.60,22.30
03/13/21 06:27:55 Uhr UTC,98.60,22.30
03/13/21 06:28:25 Uhr UTC,98.60,22.30
03/13/21 06:28:55 Uhr UTC,98.60,22.30
03/13/21 06:29:25 Uhr UTC,98.60,22.30
03/13/21 06:29:55 Uhr UTC,98.60,22.30
03/13/21 06:30:25 Uhr UTC,98.60,22.30
03/13/21 06:30:55 Uhr UTC,98.60,22.30
03/13/21 06:31:25 Uhr UTC,98.60,22.30
03/13/21 06:31:56 Uhr UTC,98.60,22.40
03/13/21 06:32:26 Uhr UTC,98.60,22.40
03/13/21 06:32:56 Uhr UTC,98.60,22.40
03/13/21 06:33:26 Uhr UTC,98.60,22.40
03/13/21 06:33:56 Uhr UTC,98.60,22.40
03/13/21 06:34:26 Uhr UTC,98.60,22.40
03/13/21 06:34:56 Uhr UTC,98.60,22.40
03/13/21 06:35:26 Uhr UTC,98.60,22.40
03/13/21 06:35:56 Uhr UTC,98.60,22.40
03/13/21 06:36:26 Uhr UTC,98.60,22.50
03/13/21 06:36:56 Uhr UTC,98.60,22.40
03/13/21 06:37:26 Uhr UTC,98.60,22.40
03/13/21 06:37:56 Uhr UTC,98.60,22.50
03/13/21 06:38:26 Uhr UTC,98.60,22.50
03/13/21 06:38:56 Uhr UTC,98.60,22.50
03/13/21 06:39:26 Uhr UTC,98.60,22.50
03/13/21 06:39:56 Uhr UTC,98.60,22.50
03/13/21 06:40:26 Uhr UTC,98.60,22.50
03/13/21 06:40:56 Uhr UTC,98.60,22.50
03/13/21 06:41:26 Uhr UTC,98.60,22.50
03/13/21 06:41:56 Uhr UTC,98.60,22.50
03/13/21 06:42:26 Uhr UTC,98.60,22.50
03/13/21 06:42:56 Uhr UTC,98.60,22.50
03/13/21 06:43:26 Uhr UTC,98.60,22.50
03/13/21 06:43:57 Uhr UTC,98.60,22.50
03/13/21 06:44:27 Uhr UTC,98.60,22.50
03/13/21 06:44:57 Uhr UTC,98.60,22.50
03/13/21 06:45:27 Uhr UTC,98.60,22.50
03/13/21 06:45:57 Uhr UTC,98.60,22.50
03/13/21 06:46:27 Uhr UTC,98.50,22.50
03/13/21 06:46:57 Uhr UTC,98.60,22.50
03/13/21 06:47:27 Uhr UTC,98.60,22.60
03/13/21 06:47:57 Uhr UTC,98.60,22.60
03/13/21 06:48:27 Uhr UTC,98.60,22.60
03/13/21 06:48:57 Uhr UTC,98.60,22.60
03/13/21 06:49:27 Uhr UTC,98.60,22.60
03/13/21 06:49:57 Uhr UTC,98.60,22.60
03/13/21 06:50:27 Uhr UTC,98.60,22.60
03/13/21 06:50:57 Uhr UTC,98.60,22.60
03/13/21 06:51:27 Uhr UTC,98.60,22.60
03/13/21 06:51:57 Uhr UTC,98.60,22.60
03/13/21 06:52:27 Uhr UTC,98.60,22.60
03/13/21 06:52:57 Uhr UTC,98.50,22.60
03/13/21 06:53:27 Uhr UTC,98.50,22.60
03/13/21 06:53:57 Uhr UTC,98.50,22.60
03/13/21 06:54:27 Uhr UTC,98.50,22.60
03/13/21 06:54:57 Uhr UTC,98.50,22.60
03/13/21 06:55:27 Uhr UTC,98.50,22.60
03/13/21 06:55:57 Uhr UTC,98.50,22.60
03/13/21 06:56:28 Uhr UTC,98.50,22.60
03/13/21 06:56:58 Uhr UTC,98.50,22.60
03/13/21 06:57:28 Uhr UTC,98.50,22.60
03/13/21 06:57:58 Uhr UTC,98.50,22.60
03/13/21 06:58:28 Uhr UTC,98.50,22.70
03/13/21 06:58:58 Uhr UTC,98.50,22.70
03/13/21 06:59:28 Uhr UTC,98.50,22.70
03/13/21 06:59:58 Uhr UTC,98.50,22.70
03/13/21 07:00:28 Uhr UTC,98.50,22.70
03/13/21 07:00:58 Uhr UTC,98.50,22.70
03/13/21 07:01:28 Uhr UTC,98.50,22.70
03/13/21 07:01:58 Uhr UTC,98.50,22.70
03/13/21 07:02:28 Uhr UTC,98.50,22.70
03/13/21 07:02:58 Uhr UTC,98.50,22.80
03/13/21 07:03:28 Uhr UTC,98.50,22.80
03/13/21 07:03:58 Uhr UTC,98.50,22.80
03/13/21 07:04:28 Uhr UTC,98.50,22.80
03/13/21 07:04:58 Uhr UTC,98.50,22.80
03/13/21 07:05:28 Uhr UTC,98.50,22.80
03/13/21 07:05:58 Uhr UTC,98.50,22.80
03/13/21 07:06:28 Uhr UTC,98.50,22.80
03/13/21 07:06:58 Uhr UTC,98.50,22.90
03/13/21 07:07:28 Uhr UTC,98.50,22.90
03/13/21 07:07:58 Uhr UTC,98.50,22.90
03/13/21 07:08:29 Uhr UTC,98.50,22.90
03/13/21 07:08:59 Uhr UTC,98.40,22.90
03/13/21 07:09:29 Uhr UTC,98.40,22.90
03/13/21 07:09:59 Uhr UTC,98.40,22.90
03/13/21 07:10:29 Uhr UTC,98.40,22.90
03/13/21 07:10:59 Uhr UTC,98.40,23.00
03/13/21 07:11:29 Uhr UTC,98.40,23.00
03/13/21 07:11:59 Uhr UTC,98.40,23.00
03/13/21 07:12:29 Uhr UTC,98.40,23.00
03/13/21 07:12:59 Uhr UTC,98.40,23.00
03/13/21 07:13:29 Uhr UTC,98.40,23.00
03/13/21 07:13:59 Uhr UTC,98.40,23.10
03/13/21 07:14:29 Uhr UTC,98.30,23.10
03/13/21 07:14:59 Uhr UTC,98.30,23.10
03/13/21 07:15:29 Uhr UTC,98.30,23.10
03/13/21 07:15:59 Uhr UTC,98.30,23.10
03/13/21 07:16:29 Uhr UTC,98.30,23.10
03/13/21 07:16:59 Uhr UTC,98.30,23.10
03/13/21 07:17:29 Uhr UTC,98.30,23.10
03/13/21 07:17:59 Uhr UTC,98.20,23.10
03/13/21 07:18:29 Uhr UTC,98.20,23.10
03/13/21 07:18:59 Uhr UTC,98.20,23.10
03/13/21 07:19:29 Uhr UTC,98.20,23.10
03/13/21 07:19:59 Uhr UTC,98.20,23.20
03/13/21 07:20:29 Uhr UTC,98.20,23.10
03/13/21 07:21:00 Uhr UTC,98.20,23.10
03/13/21 07:21:30 Uhr UTC,98.20,23.10
03/13/21 07:22:00 Uhr UTC,98.20,23.10
03/13/21 07:22:30 Uhr UTC,98.20,23.10
03/13/21 07:23:00 Uhr UTC,98.20,23.10
03/13/21 07:23:30 Uhr UTC,98.20,23.10
03/13/21 07:24:00 Uhr UTC,98.20,23.10
03/13/21 07:24:30 Uhr UTC,98.20,23.10
03/13/21 07:25:00 Uhr UTC,98.20,23.00
03/13/21 07:25:30 Uhr UTC,98.20,23.10
03/13/21 07:26:00 Uhr UTC,98.20,23.10
03/13/21 07:26:30 Uhr UTC,98.10,23.00
03/13/21 07:27:00 Uhr UTC,98.20,23.00
03/13/21 07:27:30 Uhr UTC,98.20,23.10
03/13/21 07:28:00 Uhr UTC,98.20,23.10
03/13/21 07:28:30 Uhr UTC,98.20,23.10
03/13/21 07:29:00 Uhr UTC,98.20,23.10
03/13/21 07:29:30 Uhr UTC,98.20,23.10
03/13/21 07:30:00 Uhr UTC,98.20,23.00
03/13/21 07:30:30 Uhr UTC,98.20,23.10
03/13/21 07:31:00 Uhr UTC,98.20,23.10
03/13/21 07:31:30 Uhr UTC,98.20,23.00
03/13/21 07:32:00 Uhr UTC,98.20,23.00
03/13/21 07:32:30 Uhr UTC,98.20,23.10
03/13/21 07:33:01 Uhr UTC,98.20,23.00
03/13/21 07:33:31 Uhr UTC,98.20,23.10
03/13/21 07:34:01 Uhr UTC,98.20,23.00
03/13/21 07:34:31 Uhr UTC,98.20,23.00
03/13/21 07:35:01 Uhr UTC,98.20,23.00
03/13/21 07:35:31 Uhr UTC,98.20,23.00
03/13/21 07:36:01 Uhr UTC,98.20,23.00
03/13/21 07:36:31 Uhr UTC,98.20,23.00
03/13/21 07:37:01 Uhr UTC,98.20,23.00
03/13/21 07:37:31 Uhr UTC,98.20,23.00
03/13/21 07:38:01 Uhr UTC,98.20,23.00
03/13/21 07:38:31 Uhr UTC,98.20,23.00
03/13/21 07:39:01 Uhr UTC,98.20,23.00
03/13/21 07:39:31 Uhr UTC,98.20,23.00
03/13/21 07:40:01 Uhr UTC,98.20,23.00
03/13/21 07:40:31 Uhr UTC,98.20,23.00
03/13/21 07:41:01 Uhr UTC,98.20,22.90
03/13/21 07:41:31 Uhr UTC,98.20,23.00
03/13/21 07:42:01 Uhr UTC,98.20,22.90
03/13/21 07:42:31 Uhr UTC,98.20,22.90
03/13/21 07:43:01 Uhr UTC,98.20,23.00
03/13/21 07:43:31 Uhr UTC,98.20,23.00
03/13/21 07:44:01 Uhr UTC,98.20,23.00
03/13/21 07:44:31 Uhr UTC,98.20,23.00
03/13/21 07:45:01 Uhr UTC,98.20,23.00
03/13/21 07:45:32 Uhr UTC,98.20,23.00
03/13/21 07:46:02 Uhr UTC,98.20,23.00
03/13/21 07:46:32 Uhr UTC,98.20,23.00
03/13/21 07:47:02 Uhr UTC,98.20,23.00
03/13/21 07:47:32 Uhr UTC,98.20,23.00
03/13/21 07:48:02 Uhr UTC,98.20,23.00
03/13/21 07:48:32 Uhr UTC,98.20,23.00
03/13/21 07:49:02 Uhr UTC,98.20,23.00
03/13/21 07:49:32 Uhr UTC,98.20,23.00
03/13/21 07:50:02 Uhr UTC,98.20,23.00
03/13/21 07:50:32 Uhr UTC,98.20,23.00
03/13/21 07:51:02 Uhr UTC,98.20,23.00
03/13/21 07:51:32 Uhr UTC,98.20,23.00
03/13/21 07:52:02 Uhr UTC,98.20,23.00
03/13/21 07:52:32 Uhr UTC,98.20,23.00
03/13/21 07:53:02 Uhr UTC,98.20,23.00
03/13/21 07:53:32 Uhr UTC,98.20,23.00
03/13/21 07:54:02 Uhr UTC,98.20,22.90
03/13/21 07:54:32 Uhr UTC,98.20,23.00
03/13/21 07:55:02 Uhr UTC,98.20,22.90
03/13/21 07:55:32 Uhr UTC,98.20,23.00
03/13/21 07:56:02 Uhr UTC,98.20,22.90
03/13/21 07:56:32 Uhr UTC,98.20,22.90
03/13/21 07:57:02 Uhr UTC,98.20,22.90
03/13/21 07:57:33 Uhr UTC,98.20,22.90
03/13/21 07:58:03 Uhr UTC,98.20,22.90
03/13/21 07:58:33 Uhr UTC,98.20,22.90
03/13/21 07:59:03 Uhr UTC,98.20,22.90
03/13/21 07:59:33 Uhr UTC,98.20,22.90
03/13/21 08:00:03 Uhr UTC,98.20,22.90
03/13/21 08:00:33 Uhr UTC,98.20,22.90
03/13/21 08:01:03 Uhr UTC,98.20,22.90
03/13/21 08:01:33 Uhr UTC,98.20,23.00
03/13/21 08:02:03 Uhr UTC,98.20,23.00
03/13/21 08:02:33 Uhr UTC,98.20,23.00
03/13/21 08:03:03 Uhr UTC,98.20,23.00
03/13/21 08:03:33 Uhr UTC,98.30,23.00
03/13/21 08:04:03 Uhr UTC,98.20,22.90
03/13/21 08:04:33 Uhr UTC,98.20,22.90
03/13/21 08:05:03 Uhr UTC,98.20,22.90
03/13/21 08:05:33 Uhr UTC,98.20,23.00
03/13/21 08:06:03 Uhr UTC,98.20,23.00
03/13/21 08:06:33 Uhr UTC,98.20,22.90
03/13/21 08:07:03 Uhr UTC,98.30,23.00
03/13/21 08:07:33 Uhr UTC,98.20,23.00
03/13/21 08:08:03 Uhr UTC,98.20,22.90
03/13/21 08:08:33 Uhr UTC,98.20,22.90
03/13/21 08:09:03 Uhr UTC,98.20,22.90
03/13/21 08:09:33 Uhr UTC,98.30,23.00
03/13/21 08:10:04 Uhr UTC,98.20,22.90
03/13/21 08:10:34 Uhr UTC,98.20,22.90
03/13/21 08:11:04 Uhr UTC,98.20,22.90
03/13/21 08:11:34 Uhr UTC,98.20,22.90
03/13/21 08:12:04 Uhr UTC,98.20,22.90
03/13/21 08:12:34 Uhr UTC,98.20,22.90
03/13/21 08:13:04 Uhr UTC,98.20,22.90
03/13/21 08:13:34 Uhr UTC,98.20,22.90
03/13/21 08:14:04 Uhr UTC,98.20,22.90
03/13/21 08:14:34 Uhr UTC,98.20,22.90
03/13/21 08:15:04 Uhr UTC,98.20,22.90
03/13/21 08:15:34 Uhr UTC,98.30,22.90
03/13/21 08:16:04 Uhr UTC,98.20,22.90
03/13/21 08:16:34 Uhr UTC,98.30,22.90
03/13/21 08:17:04 Uhr UTC,98.30,22.90
03/13/21 08:17:34 Uhr UTC,98.30,22.90
03/13/21 08:18:04 Uhr UTC,98.30,22.90
03/13/21 08:18:34 Uhr UTC,98.30,22.90
03/13/21 08:19:04 Uhr UTC,98.30,23.00
03/13/21 08:19:34 Uhr UTC,98.20,22.90
03/13/21 08:20:04 Uhr UTC,98.30,23.00
03/13/21 08:20:34 Uhr UTC,98.20,22.90
03/13/21 08:21:04 Uhr UTC,98.20,23.00
03/13/21 08:21:34 Uhr UTC,98.20,23.00
03/13/21 08:22:05 Uhr UTC,98.20,23.00
03/13/21 08:22:35 Uhr UTC,98.20,23.00
03/13/21 08:23:05 Uhr UTC,98.30,23.10
03/13/21 08:23:35 Uhr UTC,98.20,23.10
03/13/21 08:24:05 Uhr UTC,98.20,23.10
03/13/21 08:24:35 Uhr UTC,98.30,23.20
03/13/21 08:25:05 Uhr UTC,98.20,23.20
03/13/21 08:25:35 Uhr UTC,98.20,23.20
03/13/21 08:26:05 Uhr UTC,97.70,23.20
03/13/21 08:26:35 Uhr UTC,97.70,23.20
03/13/21 08:27:05 Uhr UTC,97.50,23.20
03/13/21 08:27:35 Uhr UTC,97.40,23.10
03/13/21 08:28:05 Uhr UTC,96.90,23.10
03/13/21 08:28:35 Uhr UTC,96.50,23.10
03/13/21 08:29:05 Uhr UTC,96.50,23.20
03/13/21 08:29:35 Uhr UTC,96.10,23.20
03/13/21 08:30:05 Uhr UTC,96.00,23.20
03/13/21 08:30:35 Uhr UTC,96.00,23.30
03/13/21 08:31:05 Uhr UTC,95.80,23.40
03/13/21 08:31:35 Uhr UTC,95.90,23.40
03/13/21 08:32:05 Uhr UTC,94.80,23.50
03/13/21 08:32:35 Uhr UTC,94.90,23.50
03/13/21 08:33:05 Uhr UTC,94.90,23.60
03/13/21 08:33:35 Uhr UTC,93.80,23.70
03/13/21 08:34:06 Uhr UTC,92.40,23.80
03/13/21 08:34:36 Uhr UTC,91.80,23.80
03/13/21 08:35:06 Uhr UTC,90.00,23.90
03/13/21 08:35:36 Uhr UTC,91.10,24.00
03/13/21 08:36:06 Uhr UTC,91.00,24.10
03/13/21 08:36:36 Uhr UTC,90.40,24.20
03/13/21 08:37:06 Uhr UTC,91.90,24.30
03/13/21 08:37:36 Uhr UTC,91.40,24.40
03/13/21 08:38:06 Uhr UTC,91.50,24.40
03/13/21 08:38:36 Uhr UTC,90.70,24.60
03/13/21 08:39:06 Uhr UTC,90.40,24.70
03/13/21 08:39:36 Uhr UTC,90.50,24.70
03/13/21 08:40:06 Uhr UTC,91.00,24.80
03/13/21 08:40:36 Uhr UTC,91.10,24.80
03/13/21 08:41:06 Uhr UTC,91.60,24.80
03/13/21 08:41:36 Uhr UTC,91.40,24.80
03/13/21 08:42:06 Uhr UTC,91.20,24.80
03/13/21 08:42:36 Uhr UTC,91.30,24.80
03/13/21 08:43:06 Uhr UTC,90.40,24.80
03/13/21 08:43:36 Uhr UTC,90.40,24.80
03/13/21 08:44:06 Uhr UTC,91.20,24.70
03/13/21 08:44:36 Uhr UTC,91.60,24.70
03/13/21 08:45:06 Uhr UTC,88.90,24.60
03/13/21 08:45:36 Uhr UTC,90.60,24.60
03/13/21 08:46:06 Uhr UTC,91.80,24.60
03/13/21 08:46:37 Uhr UTC,90.10,24.50
03/13/21 08:47:07 Uhr UTC,92.00,24.50
03/13/21 08:47:37 Uhr UTC,93.20,24.50
03/13/21 08:48:07 Uhr UTC,92.10,24.50
03/13/21 08:48:37 Uhr UTC,91.80,24.40
03/13/21 08:49:07 Uhr UTC,92.30,24.40
03/13/21 08:49:37 Uhr UTC,93.50,24.40
03/13/21 08:50:07 Uhr UTC,93.80,24.30
03/13/21 08:50:37 Uhr UTC,93.60,24.30
03/13/21 08:51:07 Uhr UTC,93.60,24.30
03/13/21 08:51:37 Uhr UTC,94.20,24.30
03/13/21 08:52:07 Uhr UTC,94.40,24.20
03/13/21 08:52:37 Uhr UTC,94.30,24.20
03/13/21 08:53:07 Uhr UTC,94.40,24.10
03/13/21 08:53:37 Uhr UTC,94.40,24.10
03/13/21 08:54:07 Uhr UTC,94.10,24.00
03/13/21 08:54:37 Uhr UTC,94.20,24.00
03/13/21 08:55:07 Uhr UTC,94.40,23.90
03/13/21 08:55:37 Uhr UTC,94.30,23.90
03/13/21 08:56:07 Uhr UTC,94.40,23.90
03/13/21 08:56:37 Uhr UTC,94.40,23.90
03/13/21 08:57:07 Uhr UTC,94.40,23.90
03/13/21 08:57:37 Uhr UTC,94.40,23.80
03/13/21 08:58:07 Uhr UTC,94.30,23.70
03/13/21 08:58:38 Uhr UTC,94.40,23.80
03/13/21 08:59:08 Uhr UTC,94.40,23.70
03/13/21 08:59:38 Uhr UTC,94.60,23.70
03/13/21 09:00:08 Uhr UTC,94.60,23.70
03/13/21 09:00:38 Uhr UTC,94.60,23.70
03/13/21 09:01:08 Uhr UTC,94.70,23.70
03/13/21 09:01:38 Uhr UTC,94.60,23.70
03/13/21 09:02:08 Uhr UTC,94.70,23.70
03/13/21 09:02:38 Uhr UTC,94.60,23.70
03/13/21 09:03:08 Uhr UTC,94.60,23.70
03/13/21 09:03:38 Uhr UTC,94.80,23.70
03/13/21 09:04:08 Uhr UTC,94.80,23.70
03/13/21 09:04:38 Uhr UTC,94.80,23.60
03/13/21 09:05:08 Uhr UTC,94.60,23.70
03/13/21 09:05:38 Uhr UTC,94.70,23.60
03/13/21 09:06:08 Uhr UTC,94.80,23.60
03/13/21 09:06:38 Uhr UTC,94.70,23.60
03/13/21 09:07:08 Uhr UTC,94.60,23.70
03/13/21 09:07:38 Uhr UTC,94.60,23.60
03/13/21 09:08:08 Uhr UTC,94.60,23.60
03/13/21 09:08:38 Uhr UTC,94.70,23.60
03/13/21 09:09:08 Uhr UTC,94.70,23.60
03/13/21 09:09:38 Uhr UTC,94.70,23.60
03/13/21 09:10:08 Uhr UTC,94.50,23.50
03/13/21 09:10:38 Uhr UTC,94.40,23.50
03/13/21 09:11:09 Uhr UTC,94.40,23.50
03/13/21 09:11:39 Uhr UTC,94.30,23.50
03/13/21 09:12:09 Uhr UTC,94.40,23.50
03/13/21 09:12:39 Uhr UTC,94.60,23.50
03/13/21 09:13:09 Uhr UTC,94.70,23.50
03/13/21 09:13:39 Uhr UTC,94.70,23.50
03/13/21 09:14:09 Uhr UTC,94.60,23.50
03/13/21 09:14:39 Uhr UTC,94.60,23.40
03/13/21 09:15:09 Uhr UTC,94.50,23.40
03/13/21 09:15:39 Uhr UTC,94.50,23.40
03/13/21 09:16:09 Uhr UTC,94.50,23.40
03/13/21 09:16:39 Uhr UTC,94.60,23.40
03/13/21 09:17:09 Uhr UTC,94.80,23.40
03/13/21 09:17:39 Uhr UTC,94.90,23.40
03/13/21 09:18:09 Uhr UTC,94.70,23.40
03/13/21 09:18:39 Uhr UTC,94.60,23.40
03/13/21 09:19:09 Uhr UTC,94.70,23.40
03/13/21 09:19:39 Uhr UTC,94.40,23.40
03/13/21 09:20:09 Uhr UTC,94.60,23.40
03/13/21 09:20:39 Uhr UTC,94.70,23.40
